Gestão de Pessoas,0
Gestão de processos,1
Inovação,2
Planejamento estratégico,3
Métricas,4
Captação de investimento,5
Finanças,6
Administrativo,7
Comercial,8
Experiência do cliente,9
Captação de investimento,10
Apoio Emocional,11
Recursos Humanos,12
Computação em Nuvem,13
Robot Process Automation,14
Inteligência Artificial,15
Machine Learning,16
Deep Learning,17
Big Data,18
Data Analytics,19
IoT,20
Aprendizagem móvel,21
Jogos Digitais,22
Realidade Estendida,23
Impressão 3D,24
Robótica,25
Cibersegurança & Privacidade,26
Blockchain,27
Conectividade & 5G,28
Plataforma de Aprendizagem Adaptativa,29
Learning Analytics,30
Ciência de Dados,31
Impacto Social,32
Leis de Incentivo,33
Maturidade em Inovação,34
Processos de inovação,35
Metodologias Ágeis,36
BIM,37
Gestão Financeira,38
Cadeia da Construção Civil,39
Metas,40
Experiência do Usuário,41
Customer Relationship Management | CRM,42
Índices de Acidentes,43
Cultura,44
Gestão de Suprimentos,45
Orçamento,46
Marketing,47
Comunicação Interna,48
Gestão de Obras,49
TI,50
Gestão de Qualidade,51
Aprovação e Licenciamento de Projetos,52
SAP,53
Salesforce,54
Segurança do Trabalho,55
Orçamentação,56
Relacionamento com o Cliente,57
Relacionamento com Cartórios,58
ERP,59
Lei Geral De Proteção de Dados | LGPD,60
OKR,61
