QI ao Cubo,qi3.com.br,
CBL,lotescbl.com.br,
Cinco Estrelas Construtora e Incorporadora LTDA,cincoestrelasconstrutora.com.br,
Control Ambiental,controlambiental.com.br,
Econservation,econservation.com.br,
Epix Engenharia,epixengenharia.com.br,
Fortes Engenharia,fortes.ind.br,
Galwan,galwan.com.br,
Inocoopes,inocoopes.com.br,
Intelliway Tecnologia,intelliway.com.br,
JPF Engenharia,jpfeng.com.br,
Metasys Sistemas,metasys.ind.br,
Metron Engenharia,metronemgenharia.com.br,
NÃ“S,escritorionos.com.br,
Serrabetume Engenharia LTDA,serrabetume.com.br,
Sollo Brasil,sollobrasil.com.br,
Soma Urbanismo,somaurbanismo.com.br,
Time-now,timenow.com.br,
VTO Polos Empresariais LTDA,polosvto.com.br,
CS3 Revestimentos,cs3granitos.com.br,